airport_code,airport_name,city,state,country,latitude,longitude,mapping_status
ABE,Lehigh Valley International Airport,Allentown,PA,USA,40.65236,-75.4404,KNOWN_AIRPORT
ABI,Abilene Regional Airport,Abilene,TX,USA,32.41132,-99.6819,KNOWN_AIRPORT
ABQ,Albuquerque International Sunport,Albuquerque,NM,USA,35.04022,-106.60919,KNOWN_AIRPORT
ABR,Aberdeen Regional Airport,Aberdeen,SD,USA,45.44906,-98.42183,KNOWN_AIRPORT
ABY,Southwest Georgia Regional Airport,Albany,GA,USA,31.53552,-84.19447,KNOWN_AIRPORT
ACK,Nantucket Memorial Airport,Nantucket,MA,USA,41.25305,-70.06018,KNOWN_AIRPORT
ACT,Waco Regional Airport,Waco,TX,USA,31.61129,-97.23052,KNOWN_AIRPORT
ACV,Arcata Airport,Arcata/Eureka,CA,USA,40.97812,-124.10862,KNOWN_AIRPORT
ACY,Atlantic City International Airport,Atlantic City,NJ,USA,39.45758,-74.57717,KNOWN_AIRPORT
ADK,Adak Airport,Adak,AK,USA,51.87796,-176.64603,KNOWN_AIRPORT
ADQ,Kodiak Airport,Kodiak,AK,USA,57.74997,-152.49386,KNOWN_AIRPORT
AEX,Alexandria International Airport,Alexandria,LA,USA,31.32737,-92.54856,KNOWN_AIRPORT
AGS,Augusta Regional Airport (Bush Field),Augusta,GA,USA,33.36996,-81.9645,KNOWN_AIRPORT
AKN,King Salmon Airport,King Salmon,AK,USA,58.6768,-156.64922,KNOWN_AIRPORT
ALB,Albany International Airport,Albany,NY,USA,42.74812,-73.80298,KNOWN_AIRPORT
ALO,Waterloo Regional Airport,Waterloo,IA,USA,42.55708,-92.40034,KNOWN_AIRPORT
AMA,Rick Husband Amarillo International Airport,Amarillo,TX,USA,35.21937,-101.70593,KNOWN_AIRPORT
ANC,Ted Stevens Anchorage International Airport,Anchorage,AK,USA,61.17432,-149.99619,KNOWN_AIRPORT
APN,Alpena County Regional Airport,Alpena,MI,USA,45.07807,-83.56029,KNOWN_AIRPORT
ASE,Aspen-Pitkin County Airport,Aspen,CO,USA,39.22316,-106.86885,KNOWN_AIRPORT
ATL,Hartsfield-Jackson Atlanta International Airport,Atlanta,GA,USA,33.64044,-84.42694,KNOWN_AIRPORT
ATW,Appleton International Airport,Appleton,WI,USA,44.25741,-88.51948,KNOWN_AIRPORT
AUS,Austin-Bergstrom International Airport,Austin,TX,USA,30.19453,-97.66987,KNOWN_AIRPORT
AVL,Asheville Regional Airport,Asheville,NC,USA,35.43619,-82.54181,KNOWN_AIRPORT
AVP,Wilkes-Barre/Scranton International Airport,Wilkes-Barre/Scranton,PA,USA,41.33815,-75.72427,KNOWN_AIRPORT
AZO,Kalamazoo/Battle Creek International Airport,Kalamazoo,MI,USA,42.23488,-85.55206,KNOWN_AIRPORT
BDL,Bradley International Airport,Windsor Locks,CT,USA,41.93887,-72.68323,KNOWN_AIRPORT
BET,Bethel Airport,Bethel,AK,USA,60.77978,-161.838,KNOWN_AIRPORT
BFL,Meadows Field,Bakersfield,CA,USA,35.4336,-119.05677,KNOWN_AIRPORT
BGM,Greater Binghamton Airport,Binghamton,NY,USA,42.20848,-75.97961,KNOWN_AIRPORT
BGR,Bangor International Airport,Bangor,ME,USA,44.80744,-68.82814,KNOWN_AIRPORT
BHM,Birmingham-Shuttlesworth International Airport,Birmingham,AL,USA,33.56294,-86.75355,KNOWN_AIRPORT
BIL,Billings Logan International Airport,Billings,MT,USA,45.80766,-108.54286,KNOWN_AIRPORT
BIS,Bismarck Municipal Airport,Bismarck,ND,USA,46.77411,-100.74672,KNOWN_AIRPORT
BJI,Bemidji Regional Airport,Bemidji,MN,USA,47.50942,-94.93372,KNOWN_AIRPORT
BLI,Bellingham International Airport,Bellingham,WA,USA,48.79275,-122.53753,KNOWN_AIRPORT
BMI,Central Illinois Regional Airport at Bloomington-Normal,Bloomington,IL,USA,40.47799,-88.91595,KNOWN_AIRPORT
BNA,Nashville International Airport,Nashville,TN,USA,36.12448,-86.67818,KNOWN_AIRPORT
BOI,Boise Airport (Boise Air Terminal),Boise,ID,USA,43.56444,-116.22278,KNOWN_AIRPORT
BOS,Gen. Edward Lawrence Logan International Airport,Boston,MA,USA,42.36435,-71.00518,KNOWN_AIRPORT
BPT,Jack Brooks Regional Airport (Southeast Texas Regional),Beaumont/Port Arthur,TX,USA,29.95083,-94.02069,KNOWN_AIRPORT
BQK,Brunswick Golden Isles Airport,Brunswick,GA,USA,31.25903,-81.46631,KNOWN_AIRPORT
BQN,Rafael Hernández Airport,Aguadilla,PR,USA,18.49486,-67.12944,KNOWN_AIRPORT
BRD,Brainerd Lakes Regional Airport,Brainerd,MN,USA,46.39786,-94.13723,KNOWN_AIRPORT
BRO,Brownsville/South Padre Island International Airport,Brownsville,TX,USA,25.90683,-97.42586,KNOWN_AIRPORT
BRW,Wiley Post-Will Rogers Memorial Airport,Barrow,AK,USA,71.28545,-156.766,KNOWN_AIRPORT
BTM,Bert Mooney Airport,Butte,MT,USA,45.9548,-112.49746,KNOWN_AIRPORT
BTR,Baton Rouge Metropolitan Airport,Baton Rouge,LA,USA,30.53316,-91.14963,KNOWN_AIRPORT
BTV,Burlington International Airport,Burlington,VT,USA,44.473,-73.15031,KNOWN_AIRPORT
BUF,Buffalo Niagara International Airport,Buffalo,NY,USA,42.94052,-78.73217,KNOWN_AIRPORT
BUR,Bob Hope Airport (Hollywood Burbank Airport),Burbank,CA,USA,34.20062,-118.3585,KNOWN_AIRPORT
BWI,Baltimore-Washington International Airport,Baltimore,MD,USA,39.1754,-76.6682,KNOWN_AIRPORT
BZN,Bozeman Yellowstone International Airport (Gallatin Field Airport),Bozeman,MT,USA,45.7769,-111.15301,KNOWN_AIRPORT
CAE,Columbia Metropolitan Airport,Columbia,SC,USA,33.93884,-81.11954,KNOWN_AIRPORT
CAK,Akron-Canton Regional Airport,Akron,OH,USA,40.91631,-81.44247,KNOWN_AIRPORT
CDC,Cedar City Regional Airport,Cedar City,UT,USA,37.70097,-113.09858,KNOWN_AIRPORT
CDV,Merle K. (Mudhole) Smith Airport,Cordova,AK,USA,60.49183,-145.47765,KNOWN_AIRPORT
CEC,Del Norte County Airport (Jack McNamara Field),Crescent City,CA,USA,41.78016,-124.23653,KNOWN_AIRPORT
CHA,Chattanooga Metropolitan Airport (Lovell Field),Chattanooga,TN,USA,35.03527,-85.20379,KNOWN_AIRPORT
CHO,Charlottesville-Albemarle Airport,Charlottesville,VA,USA,38.13864,-78.45286,KNOWN_AIRPORT
CHS,Charleston International Airport/Charleston AFB,Charleston,SC,USA,32.89865,-80.04051,KNOWN_AIRPORT
CID,The Eastern Iowa Airport,Cedar Rapids,IA,USA,41.88459,-91.71087,KNOWN_AIRPORT
CIU,Chippewa County International Airport,Sault Ste. Marie,MI,USA,46.25075,-84.47239,KNOWN_AIRPORT
CLD,McClellan-Palomar Airport,San Diego,CA,USA,33.12723,-117.27873,KNOWN_AIRPORT
CLE,Cleveland Hopkins International Airport,Cleveland,OH,USA,41.41089,-81.8494,KNOWN_AIRPORT
CLL,Easterwood Airport,College Station,TX,USA,30.58859,-96.36382,KNOWN_AIRPORT
CLT,Charlotte Douglas International Airport,Charlotte,NC,USA,35.21401,-80.94313,KNOWN_AIRPORT
CMH,Port Columbus International Airport,Columbus,OH,USA,39.99799,-82.89188,KNOWN_AIRPORT
CMI,University of Illinois - Willard Airport,Champaign/Urbana,IL,USA,40.03925,-88.27806,KNOWN_AIRPORT
CMX,Houghton County Memorial Airport,Hancock,MI,USA,47.16842,-88.48906,KNOWN_AIRPORT
CNY,Canyonlands Field,Moab,UT,USA,38.75496,-109.75484,KNOWN_AIRPORT
COD,Yellowstone Regional Airport,Cody,WY,USA,44.52019,-109.0238,KNOWN_AIRPORT
COS,City of Colorado Springs Municipal Airport,Colorado Springs,CO,USA,38.80581,-104.70025,KNOWN_AIRPORT
COU,Columbia Regional Airport,Columbia,MO,USA,38.81809,-92.21963,KNOWN_AIRPORT
CPR,Natrona County International Airport,Casper,WY,USA,42.90836,-106.46447,KNOWN_AIRPORT
CRP,Corpus Christi International Airport,Corpus Christi,TX,USA,27.77036,-97.50122,KNOWN_AIRPORT
CRW,Yeager Airport,Charleston,WV,USA,38.37315,-81.59319,KNOWN_AIRPORT
CSG,Columbus Metropolitan Airport,Columbus,GA,USA,32.51633,-84.93886,KNOWN_AIRPORT
CVG,Cincinnati/Northern Kentucky International Airport,Covington,KY,USA,39.04614,-84.66217,KNOWN_AIRPORT
CWA,Central Wisconsin Airport,Mosinee,WI,USA,44.77762,-89.66678,KNOWN_AIRPORT
DAB,Daytona Beach International Airport,Daytona Beach,FL,USA,29.17992,-81.05806,KNOWN_AIRPORT
DAL,Dallas Love Field,Dallas,TX,USA,32.84711,-96.85177,KNOWN_AIRPORT
DAY,James M. Cox Dayton International Airport,Dayton,OH,USA,39.90238,-84.21938,KNOWN_AIRPORT
DBQ,Dubuque Regional Airport,Dubuque,IA,USA,42.40296,-90.70917,KNOWN_AIRPORT
DCA,Ronald Reagan Washington National Airport,Arlington,VA,USA,38.85208,-77.03772,KNOWN_AIRPORT
DEN,Denver International Airport,Denver,CO,USA,39.85841,-104.667,KNOWN_AIRPORT
DFW,Dallas/Fort Worth International Airport,Dallas-Fort Worth,TX,USA,32.89595,-97.0372,KNOWN_AIRPORT
DHN,Dothan Regional Airport,Dothan,AL,USA,31.32134,-85.44963,KNOWN_AIRPORT
DIK,Dickinson Theodore Roosevelt Regional Airport,Dickinson,ND,USA,46.79739,-102.80195,KNOWN_AIRPORT
DLG,Dillingham Airport,Dillingham,AK,USA,59.04541,-158.50334,KNOWN_AIRPORT
DLH,Duluth International Airport,Duluth,MN,USA,46.84209,-92.19365,KNOWN_AIRPORT
DRO,Durango-La Plata County Airport,Durango,CO,USA,37.15152,-107.75377,KNOWN_AIRPORT
DSM,Des Moines International Airport,Des Moines,IA,USA,41.53493,-93.66068,KNOWN_AIRPORT
DTW,Detroit Metropolitan Airport,Detroit,MI,USA,42.21206,-83.34884,KNOWN_AIRPORT
DVL,Devils Lake Regional Airport,Devils Lake,ND,USA,48.11425,-98.90878,KNOWN_AIRPORT
EAU,Chippewa Valley Regional Airport,Eau Claire,WI,USA,44.86526,-91.48507,KNOWN_AIRPORT
ECP,Northwest Florida Beaches International Airport,Panama City,FL,USA,,,KNOWN_AIRPORT
EGE,Eagle County Regional Airport,Eagle,CO,USA,39.64257,-106.9177,KNOWN_AIRPORT
EKO,Elko Regional Airport,Elko,NV,USA,40.82493,-115.7917,KNOWN_AIRPORT
ELM,Elmira/Corning Regional Airport,Elmira,NY,USA,42.15991,-76.89144,KNOWN_AIRPORT
ELP,El Paso International Airport,El Paso,TX,USA,31.80667,-106.37781,KNOWN_AIRPORT
ERI,Erie International Airport,Erie,PA,USA,42.08202,-80.17622,KNOWN_AIRPORT
ESC,Delta County Airport,Escanaba,MI,USA,45.72267,-87.09373,KNOWN_AIRPORT
EUG,Eugene Airport (Mahlon Sweet Field),Eugene,OR,USA,44.12326,-123.21869,KNOWN_AIRPORT
EVV,Evansville Regional Airport,Evansville,IN,USA,38.03799,-87.53063,KNOWN_AIRPORT
EWN,Coastal Carolina Regional Airport (Craven County Regional),New Bern,NC,USA,35.07297,-77.04294,KNOWN_AIRPORT
EWR,Newark Liberty International Airport,Newark,NJ,USA,40.6925,-74.16866,KNOWN_AIRPORT
EYW,Key West International Airport,Key West,FL,USA,24.55611,-81.75956,KNOWN_AIRPORT
FAI,Fairbanks International Airport,Fairbanks,AK,USA,64.81368,-147.85967,KNOWN_AIRPORT
FAR,Hector International Airport,Fargo,ND,USA,46.91935,-96.81499,KNOWN_AIRPORT
FAT,Fresno Yosemite International Airport,Fresno,CA,USA,36.77619,-119.71814,KNOWN_AIRPORT
FAY,Fayetteville Regional Airport,Fayetteville,NC,USA,34.99147,-78.88,KNOWN_AIRPORT
FCA,Glacier Park International Airport,Kalispell,MT,USA,48.3114,-114.25507,KNOWN_AIRPORT
FLG,Flagstaff Pulliam Airport,Flagstaff,AZ,USA,35.13845,-111.67122,KNOWN_AIRPORT
FLL,Fort Lauderdale-Hollywood International Airport,Ft. Lauderdale,FL,USA,26.07258,-80.15275,KNOWN_AIRPORT
FNT,Bishop International Airport,Flint,MI,USA,42.9655,-83.74346,KNOWN_AIRPORT
FSD,Sioux Falls Regional Airport,Sioux Falls,SD,USA,43.58135,-96.7417,KNOWN_AIRPORT
FSM,Fort Smith Regional Airport,Fort Smith,AR,USA,35.33659,-94.36744,KNOWN_AIRPORT
FWA,Fort Wayne International Airport,Fort Wayne,IN,USA,40.97847,-85.19515,KNOWN_AIRPORT
GCC,Gillette-Campbell County Airport,Gillette,WY,USA,44.3489,-105.53936,KNOWN_AIRPORT
GCK,Garden City Regional Airport,Garden City,KS,USA,37.92752,-100.72441,KNOWN_AIRPORT
GEG,Spokane International Airport,Spokane,WA,USA,47.61986,-117.53384,KNOWN_AIRPORT
GFK,Grand Forks International Airport,Grand Forks,ND,USA,47.94926,-97.17611,KNOWN_AIRPORT
GGG,East Texas Regional Airport,Longview,TX,USA,32.38486,-94.71171,KNOWN_AIRPORT
GJT,Grand Junction Regional Airport (Walker Field),Grand Junction,CO,USA,39.12241,-108.52673,KNOWN_AIRPORT
GNV,Gainesville Regional Airport,Gainesville,FL,USA,29.69006,-82.27178,KNOWN_AIRPORT
GPT,Gulfport-Biloxi International Airport,Gulfport-Biloxi,MS,USA,30.40728,-89.07009,KNOWN_AIRPORT
GRB,Green Bay-Austin Straubel International Airport,Green Bay,WI,USA,44.48507,-88.12959,KNOWN_AIRPORT
GRI,Central Nebraska Regional Airport,Grand Island,NE,USA,40.96747,-98.30861,KNOWN_AIRPORT
GRK,Killeen-Fort Hood Regional Airport,Killeen,TX,USA,31.0649,-97.8278,KNOWN_AIRPORT
GRR,Gerald R. Ford International Airport,Grand Rapids,MI,USA,42.88082,-85.52277,KNOWN_AIRPORT
GSO,Piedmont Triad International Airport,Greensboro,NC,USA,36.09775,-79.9373,KNOWN_AIRPORT
GSP,Greenville-Spartanburg International Airport,Greer,SC,USA,34.89567,-82.21886,KNOWN_AIRPORT
GST,Gustavus Airport,Gustavus,AK,USA,58.42438,-135.70738,KNOWN_AIRPORT
GTF,Great Falls International Airport,Great Falls,MT,USA,47.482,-111.37069,KNOWN_AIRPORT
GTR,Golden Triangle Regional Airport,Columbus-Starkville-West Point,MS,USA,33.45033,-88.59137,KNOWN_AIRPORT
GUC,Gunnison-Crested Butte Regional Airport,Gunnison,CO,USA,38.53396,-106.93318,KNOWN_AIRPORT
GUM,Guam International Airport,Agana,GU,USA,13.48345,-144.79598,KNOWN_AIRPORT
HDN,Yampa Valley Airport (Yampa Valley Regional),Hayden,CO,USA,40.48118,-107.21766,KNOWN_AIRPORT
HIB,Range Regional Airport (Chisholm-Hibbing Airport),Hibbing,MN,USA,47.3866,-92.83899,KNOWN_AIRPORT
HLN,Helena Regional Airport,Helena,MT,USA,46.60682,-111.98275,KNOWN_AIRPORT
HNL,Honolulu International Airport,Honolulu,HI,USA,21.31869,-157.92241,KNOWN_AIRPORT
HOB,Lea County Regional Airport,Hobbs,NM,USA,32.68753,-103.21703,KNOWN_AIRPORT
HOU,William P. Hobby Airport,Houston,TX,USA,29.64542,-95.27889,KNOWN_AIRPORT
HPN,Westchester County Airport,White Plains,NY,USA,41.06696,-73.70757,KNOWN_AIRPORT
HRL,Valley International Airport,Harlingen,TX,USA,26.22851,-97.65439,KNOWN_AIRPORT
HSV,Huntsville International Airport,Huntsville,AL,USA,34.64045,-86.77311,KNOWN_AIRPORT
HYA,Barnstable Municipal Airport,Hyannis,MA,USA,41.66934,-70.28036,KNOWN_AIRPORT
HYS,Hays Regional Airport,Hays,KS,USA,38.84494,-99.27403,KNOWN_AIRPORT
IAD,Washington Dulles International Airport,Chantilly,VA,USA,38.94453,-77.45581,KNOWN_AIRPORT
IAG,Niagara Falls International Airport,Niagara Falls,NY,USA,43.10726,-78.94538,KNOWN_AIRPORT
IAH,George Bush Intercontinental Airport,Houston,TX,USA,29.98047,-95.33972,KNOWN_AIRPORT
ICT,Wichita Dwight D. Eisenhower National Airport (Wichita Mid-Continent Airport),Wichita,KS,USA,37.64996,-97.43305,KNOWN_AIRPORT
IDA,Idaho Falls Regional Airport,Idaho Falls,ID,USA,43.51456,-112.07017,KNOWN_AIRPORT
ILG,Wilmington Airport,Wilmington,DE,USA,39.67872,-75.60653,KNOWN_AIRPORT
ILM,Wilmington International Airport,Wilmington,NC,USA,34.27061,-77.90256,KNOWN_AIRPORT
IMT,Ford Airport,Iron Mountain/Kingsford,MI,USA,45.81835,-88.11454,KNOWN_AIRPORT
IND,Indianapolis International Airport,Indianapolis,IN,USA,39.71733,-86.29438,KNOWN_AIRPORT
INL,Falls International Airport,International Falls,MN,USA,48.56619,-93.40307,KNOWN_AIRPORT
ISN,Sloulin Field International Airport,Williston,ND,USA,48.17794,-103.64235,KNOWN_AIRPORT
ISP,Long Island MacArthur Airport,Islip,NY,USA,40.79524,-73.10021,KNOWN_AIRPORT
ITH,Ithaca Tompkins Regional Airport,Ithaca,NY,USA,42.49103,-76.45844,KNOWN_AIRPORT
ITO,Hilo International Airport,Hilo,HI,USA,19.72026,-155.04847,KNOWN_AIRPORT
JAC,Jackson Hole Airport,Jackson,WY,USA,43.60732,-110.73774,KNOWN_AIRPORT
JAN,Jackson-Evers International Airport,Jackson,MS,USA,32.31117,-90.07589,KNOWN_AIRPORT
JAX,Jacksonville International Airport,Jacksonville,FL,USA,30.49406,-81.68786,KNOWN_AIRPORT
JFK,John F. Kennedy International Airport (New York International Airport),New York,NY,USA,40.63975,-73.77893,KNOWN_AIRPORT
JLN,Joplin Regional Airport,Joplin,MO,USA,37.15181,-94.49827,KNOWN_AIRPORT
JMS,Jamestown Regional Airport,Jamestown,ND,USA,46.92972,-98.6782,KNOWN_AIRPORT
JNU,Juneau International Airport,Juneau,AK,USA,58.35496,-134.57628,KNOWN_AIRPORT
KOA,Kona International Airport at Keahole,Kailua/Kona,HI,USA,19.73877,-156.04563,KNOWN_AIRPORT
KTN,Ketchikan International Airport,Ketchikan,AK,USA,55.35557,-131.71374,KNOWN_AIRPORT
LAN,Capital Region International Airport ( Lansing Capital City),Lansing,MI,USA,42.7787,-84.58736,KNOWN_AIRPORT
LAR,Laramie Regional Airport,Laramie,WY,USA,41.31205,-105.67499,KNOWN_AIRPORT
LAS,McCarran International Airport,Las Vegas,NV,USA,36.08036,-115.15233,KNOWN_AIRPORT
LAW,Lawton-Fort Sill Regional Airport,Lawton,OK,USA,34.56771,-98.41664,KNOWN_AIRPORT
LAX,Los Angeles International Airport,Los Angeles,CA,USA,33.94254,-118.40807,KNOWN_AIRPORT
LBB,Lubbock Preston Smith International Airport,Lubbock,TX,USA,33.66364,-101.82278,KNOWN_AIRPORT
LBE,Arnold Palmer Regional Airport,Latrobe,PA,USA,40.27594,-79.4048,KNOWN_AIRPORT
LCH,Lake Charles Regional Airport,Lake Charles,LA,USA,30.1261,-93.2234,KNOWN_AIRPORT
LEX,Blue Grass Airport,Lexington,KY,USA,38.03697,-84.60539,KNOWN_AIRPORT
LFT,Lafayette Regional Airport,Lafayette,LA,USA,30.20528,-91.98766,KNOWN_AIRPORT
LGA,LaGuardia Airport (Marine Air Terminal),New York,NY,USA,40.77724,-73.87261,KNOWN_AIRPORT
LGB,Long Beach Airport (Daugherty Field),Long Beach,CA,USA,33.81772,-118.15161,KNOWN_AIRPORT
LIH,Lihue Airport,Lihue,HI,USA,21.97598,-159.33896,KNOWN_AIRPORT
LIT,Bill and Hillary Clinton National Airport (Adams Field),Little Rock,AR,USA,34.7294,-92.22425,KNOWN_AIRPORT
LNK,Lincoln Airport (Lincoln Municipal),Lincoln,NE,USA,40.85097,-96.75925,KNOWN_AIRPORT
LRD,Laredo International Airport,Laredo,TX,USA,27.54374,-99.46154,KNOWN_AIRPORT
LSE,La Crosse Regional Airport,La Crosse,WI,USA,43.87938,-91.25654,KNOWN_AIRPORT
LWS,Lewiston-Nez Perce County Airport,Lewiston,ID,USA,46.3745,-117.01539,KNOWN_AIRPORT
MAF,Midland International Airport,Midland,TX,USA,31.94253,-102.20191,KNOWN_AIRPORT
MBS,MBS International Airport,Saginaw,MI,USA,43.53291,-84.07965,KNOWN_AIRPORT
MCI,Kansas City International Airport,Kansas City,MO,USA,39.29761,-94.71391,KNOWN_AIRPORT
MCO,Orlando International Airport,Orlando,FL,USA,28.42889,-81.31603,KNOWN_AIRPORT
MDT,Harrisburg International Airport,Harrisburg,PA,USA,40.1935,-76.7634,KNOWN_AIRPORT
MDW,Chicago Midway International Airport,Chicago,IL,USA,41.78598,-87.75242,KNOWN_AIRPORT
MEI,Meridian Regional Airport,Meridian,MS,USA,32.33313,-88.75121,KNOWN_AIRPORT
MEM,Memphis International Airport,Memphis,TN,USA,35.04242,-89.97667,KNOWN_AIRPORT
MFE,McAllen-Miller International Airport (McAllen Miller International),McAllen,TX,USA,26.17583,-98.23861,KNOWN_AIRPORT
MFR,Rogue Valley International Airport,Medford,OR,USA,42.37423,-122.8735,KNOWN_AIRPORT
MGM,Montgomery Regional Airport,Montgomery,AL,USA,32.30064,-86.39398,KNOWN_AIRPORT
MHK,Manhattan Regional Airport,Manhattan,KS,USA,39.14097,-96.67083,KNOWN_AIRPORT
MHT,Manchester-Boston Regional Airport,Manchester,NH,USA,42.93452,-71.43706,KNOWN_AIRPORT
MIA,Miami International Airport,Miami,FL,USA,25.79325,-80.29056,KNOWN_AIRPORT
MKE,General Mitchell International Airport,Milwaukee,WI,USA,42.94722,-87.89658,KNOWN_AIRPORT
MKG,Muskegon County Airport,Muskegon,MI,USA,43.16949,-86.23822,KNOWN_AIRPORT
MLB,Melbourne International Airport,Melbourne,FL,USA,28.10275,-80.64581,KNOWN_AIRPORT
MLI,Quad City International Airport,Moline,IL,USA,41.44853,-90.50754,KNOWN_AIRPORT
MLU,Monroe Regional Airport,Monroe,LA,USA,32.51087,-92.03769,KNOWN_AIRPORT
MMH,Mammoth Yosemite Airport,Mammoth Lakes,CA,USA,37.62405,-118.83777,KNOWN_AIRPORT
MOB,Mobile Regional Airport,Mobile,AL,USA,30.69142,-88.24283,KNOWN_AIRPORT
MOT,Minot International Airport,Minot,ND,USA,48.25938,-101.28033,KNOWN_AIRPORT
MQT,Sawyer International Airport,Marquette,MI,USA,46.35364,-87.39536,KNOWN_AIRPORT
MRY,Monterey Regional Airport (Monterey Peninsula Airport),Monterey,CA,USA,36.58698,-121.84295,KNOWN_AIRPORT
MSN,Dane County Regional Airport,Madison,WI,USA,43.13986,-89.33751,KNOWN_AIRPORT
MSO,Missoula International Airport,Missoula,MT,USA,46.91631,-114.09056,KNOWN_AIRPORT
MSP,Minneapolis-Saint Paul International Airport,Minneapolis,MN,USA,44.88055,-93.21692,KNOWN_AIRPORT
MSY,Louis Armstrong New Orleans International Airport,New Orleans,LA,USA,29.99339,-90.25803,KNOWN_AIRPORT
MTJ,Montrose Regional Airport,Montrose,CO,USA,38.50887,-107.89383,KNOWN_AIRPORT
MVY,Martha's Vineyard Airport,Marthas Vineyard,MA,USA,41.39303,-70.61433,KNOWN_AIRPORT
MYR,Myrtle Beach International Airport,Myrtle Beach,SC,USA,33.67975,-78.92833,KNOWN_AIRPORT
OAJ,Albert J. Ellis Airport,Jacksonville,NC,USA,34.82916,-77.61214,KNOWN_AIRPORT
OAK,Oakland International Airport,Oakland,CA,USA,37.72129,-122.22072,KNOWN_AIRPORT
OGG,Kahului Airport,Kahului,HI,USA,20.89865,-156.43046,KNOWN_AIRPORT
OKC,Will Rogers World Airport,Oklahoma City,OK,USA,35.39309,-97.60073,KNOWN_AIRPORT
OMA,Eppley Airfield,Omaha,NE,USA,41.30252,-95.89417,KNOWN_AIRPORT
OME,Nome Airport,Nome,AK,USA,64.5122,-165.44525,KNOWN_AIRPORT
ONT,Ontario International Airport,Ontario,CA,USA,34.056,-117.60119,KNOWN_AIRPORT
ORD,Chicago O'Hare International Airport,Chicago,IL,USA,41.9796,-87.90446,KNOWN_AIRPORT
ORF,Norfolk International Airport,Norfolk,VA,USA,36.89461,-76.20122,KNOWN_AIRPORT
ORH,Worcester Regional Airport,Worcester,MA,USA,42.26734,-71.87571,KNOWN_AIRPORT
OTH,Southwest Oregon Regional Airport (North Bend Municipal),North Bend,OR,USA,43.41714,-124.24603,KNOWN_AIRPORT
OTZ,Ralph Wien Memorial Airport,Kotzebue,AK,USA,66.88468,-162.59855,KNOWN_AIRPORT
PAH,Barkley Regional Airport,Paducah,KY,USA,37.06083,-88.77375,KNOWN_AIRPORT
PBG,Plattsburgh International Airport,Plattsburgh,NY,USA,,,KNOWN_AIRPORT
PBI,Palm Beach International Airport,West Palm Beach,FL,USA,26.68316,-80.09559,KNOWN_AIRPORT
PDX,Portland International Airport,Portland,OR,USA,45.58872,-122.5975,KNOWN_AIRPORT
PHF,Newport News/Williamsburg International Airport,Newport News,VA,USA,37.1319,-76.49299,KNOWN_AIRPORT
PHL,Philadelphia International Airport,Philadelphia,PA,USA,39.87195,-75.24114,KNOWN_AIRPORT
PHX,Phoenix Sky Harbor International Airport,Phoenix,AZ,USA,33.43417,-112.00806,KNOWN_AIRPORT
PIA,General Wayne A. Downing Peoria International Airport,Peoria,IL,USA,40.66424,-89.69331,KNOWN_AIRPORT
PIB,Hattiesburg-Laurel Regional Airport,Hattiesburg-Laurel,MS,USA,31.46715,-89.33706,KNOWN_AIRPORT
PIH,Pocatello Regional Airport,Pocatello,ID,USA,42.91131,-112.59586,KNOWN_AIRPORT
PIT,Pittsburgh International Airport,Pittsburgh,PA,USA,40.49147,-80.23287,KNOWN_AIRPORT
PLN,Pellston Regional Airport of Emmet County,Pellston,MI,USA,45.57093,-84.79672,KNOWN_AIRPORT
PNS,Pensacola International Airport (Pensacola Gulf Coast Regional Airport),Pensacola,FL,USA,30.47331,-87.18744,KNOWN_AIRPORT
PPG,Pago Pago International Airport (Tafuna Airport),Pago Pago,AS,USA,14.33102,-170.71053,KNOWN_AIRPORT
PSC,Tri-Cities Airport,Pasco,WA,USA,46.26468,-119.11903,KNOWN_AIRPORT
PSE,Mercedita Airport,Ponce,PR,USA,18.0083,-66.56301,KNOWN_AIRPORT
PSG,Petersburg James A. Johnson Airport,Petersburg,AK,USA,56.80165,-132.94528,KNOWN_AIRPORT
PSP,Palm Springs International Airport,Palm Springs,CA,USA,33.82922,-116.50625,KNOWN_AIRPORT
PUB,Pueblo Memorial Airport,Pueblo,CO,USA,38.28909,-104.49657,KNOWN_AIRPORT
PVD,Theodore Francis Green State Airport,Providence,RI,USA,41.724,-71.42822,KNOWN_AIRPORT
PWM,Portland International Jetport,Portland,ME,USA,43.64617,-70.30875,KNOWN_AIRPORT
RAP,Rapid City Regional Airport,Rapid City,SD,USA,44.04532,-103.05737,KNOWN_AIRPORT
RDD,Redding Municipal Airport,Redding,CA,USA,40.50898,-122.2934,KNOWN_AIRPORT
RDM,Redmond Municipal Airport (Roberts Field),Redmond,OR,USA,44.25407,-121.14996,KNOWN_AIRPORT
RDU,Raleigh-Durham International Airport,Raleigh,NC,USA,35.87764,-78.78747,KNOWN_AIRPORT
RHI,Rhinelander-Oneida County Airport,Rhinelander,WI,USA,45.63119,-89.46745,KNOWN_AIRPORT
RIC,Richmond International Airport,Richmond,VA,USA,37.50517,-77.31967,KNOWN_AIRPORT
RKS,Rock Springs-Sweetwater County Airport,Rock Springs,WY,USA,41.59422,-109.06519,KNOWN_AIRPORT
RNO,Reno/Tahoe International Airport,Reno,NV,USA,39.49858,-119.76806,KNOWN_AIRPORT
ROA,Roanoke Regional Airport (Woodrum Field),Roanoke,VA,USA,37.32547,-79.97543,KNOWN_AIRPORT
ROC,Greater Rochester International Airport,Rochester,NY,USA,43.11887,-77.67238,KNOWN_AIRPORT
ROW,Roswell International Air Center,Roswell,NM,USA,33.30156,-104.53056,KNOWN_AIRPORT
RST,Rochester International Airport,Rochester,MN,USA,43.90883,-92.49799,KNOWN_AIRPORT
RSW,Southwest Florida International Airport,Ft. Myers,FL,USA,26.53617,-81.75517,KNOWN_AIRPORT
SAF,Santa Fe Municipal Airport,Santa Fe,NM,USA,35.61678,-106.08814,KNOWN_AIRPORT
SAN,San Diego International Airport (Lindbergh Field),San Diego,CA,USA,32.73356,-117.18966,KNOWN_AIRPORT
SAT,San Antonio International Airport,San Antonio,TX,USA,29.53369,-98.46978,KNOWN_AIRPORT
SAV,Savannah/Hilton Head International Airport,Savannah,GA,USA,32.12758,-81.20214,KNOWN_AIRPORT
SBA,Santa Barbara Municipal Airport (Santa Barbara Airport),Santa Barbara,CA,USA,34.42621,-119.84037,KNOWN_AIRPORT
SBN,South Bend International Airport (South Bend Regional),South Bend,IN,USA,41.70895,-86.31847,KNOWN_AIRPORT
SBP,San Luis Obispo County Regional Airport (McChesney Field),San Luis Obispo,CA,USA,35.23706,-120.64239,KNOWN_AIRPORT
SCC,Deadhorse Airport (Prudhoe Bay Airport),Deadhorse,AK,USA,70.19476,-148.46516,KNOWN_AIRPORT
SCE,University Park Airport,State College,PA,USA,40.85121,-77.8463,KNOWN_AIRPORT
SDF,Louisville International Airport (Standiford Field),Louisville,KY,USA,38.17439,-85.736,KNOWN_AIRPORT
SEA,Seattle-Tacoma International Airport,Seattle,WA,USA,47.44898,-122.30931,KNOWN_AIRPORT
SFO,San Francisco International Airport,San Francisco,CA,USA,37.619,-122.37484,KNOWN_AIRPORT
SGF,Springfield-Branson National Airport,Springfield,MO,USA,37.24433,-93.38686,KNOWN_AIRPORT
SGU,St. George Regional Airport,St George,UT,USA,37.09058,-113.59306,KNOWN_AIRPORT
SHV,Shreveport Regional Airport,Shreveport,LA,USA,32.44663,-93.8256,KNOWN_AIRPORT
SIT,Sitka Rocky Gutierrez Airport,Sitka,AK,USA,57.04714,-135.3616,KNOWN_AIRPORT
SJC,Norman Y. Mineta San José International Airport,San Jose,CA,USA,37.36186,-121.92901,KNOWN_AIRPORT
SJT,San Angelo Regional Airport (Mathis Field),San Angelo,TX,USA,31.35775,-100.49631,KNOWN_AIRPORT
SJU,Luis Muñoz Marín International Airport,San Juan,PR,USA,18.43942,-66.00183,KNOWN_AIRPORT
SLC,Salt Lake City International Airport,Salt Lake City,UT,USA,40.78839,-111.97777,KNOWN_AIRPORT
SMF,Sacramento International Airport,Sacramento,CA,USA,38.69542,-121.59077,KNOWN_AIRPORT
SMX,Santa Maria Public Airport (Capt G. Allan Hancock Field),Santa Maria,CA,USA,34.89925,-120.45758,KNOWN_AIRPORT
SNA,John Wayne Airport (Orange County Airport),Santa Ana,CA,USA,33.67566,-117.86822,KNOWN_AIRPORT
SPI,Abraham Lincoln Capital Airport,Springfield,IL,USA,39.84395,-89.67762,KNOWN_AIRPORT
SPS,Wichita Falls Municipal Airport/Sheppard AFB,Wichita Falls,TX,USA,33.9888,-98.49189,KNOWN_AIRPORT
SRQ,Sarasota-Bradenton International Airport,Sarasota,FL,USA,27.39533,-82.55411,KNOWN_AIRPORT
STC,St. Cloud Regional Airport,St Cloud,MN,USA,45.54532,-94.05834,KNOWN_AIRPORT
STL,St. Louis International Airport at Lambert Field,St Louis,MO,USA,38.74769,-90.35999,KNOWN_AIRPORT
STT,Cyril E. King Airport,Charlotte Amalie,VI,USA,18.33731,-64.97336,KNOWN_AIRPORT
STX,Henry E. Rohlsen Airport,Christiansted,VI,USA,17.70189,-64.79856,KNOWN_AIRPORT
SUN,Friedman Memorial Airport,Hailey,ID,USA,43.50484,-114.29659,KNOWN_AIRPORT
SUX,Sioux Gateway Airport,Sioux City,IA,USA,42.4026,-96.38437,KNOWN_AIRPORT
SWF,Stewart International Airport,Newburgh,NY,USA,41.50409,-74.10484,KNOWN_AIRPORT
SYR,Syracuse Hancock International Airport,Syracuse,NY,USA,43.11119,-76.10631,KNOWN_AIRPORT
TLH,Tallahassee International Airport,Tallahassee,FL,USA,30.39653,-84.35033,KNOWN_AIRPORT
TOL,Toledo Express Airport,Toledo,OH,USA,41.58681,-83.80783,KNOWN_AIRPORT
TPA,Tampa International Airport,Tampa,FL,USA,27.97547,-82.53325,KNOWN_AIRPORT
TRI,Tri-Cities Regional Airport,Bristol,TN,USA,36.47521,-82.40742,KNOWN_AIRPORT
TTN,Trenton Mercer Airport,Trenton,NJ,USA,40.27669,-74.81347,KNOWN_AIRPORT
TUL,Tulsa International Airport,Tulsa,OK,USA,36.19837,-95.88824,KNOWN_AIRPORT
TUS,Tucson International Airport,Tucson,AZ,USA,32.11608,-110.94103,KNOWN_AIRPORT
TVC,Cherry Capital Airport,Traverse City,MI,USA,44.74144,-85.58224,KNOWN_AIRPORT
TWF,Magic Valley Regional Airport (Joslin Field),Twin Falls,ID,USA,42.4818,-114.48774,KNOWN_AIRPORT
TXK,Texarkana Regional Airport (Webb Field),Texarkana,AR,USA,33.45371,-93.99102,KNOWN_AIRPORT
TYR,Tyler Pounds Regional Airport,Tyler,TX,USA,32.35414,-95.40239,KNOWN_AIRPORT
TYS,McGhee Tyson Airport,Knoxville,TN,USA,35.81249,-83.99286,KNOWN_AIRPORT
UST,Northeast Florida Regional Airport (St. Augustine Airport),St. Augustine,FL,USA,,,KNOWN_AIRPORT
VEL,Valdez Airport,Vernal,UT,USA,40.4409,-109.50992,KNOWN_AIRPORT
VLD,Valdosta Regional Airport,Valdosta,GA,USA,30.7825,-83.27672,KNOWN_AIRPORT
VPS,Destin-Fort Walton Beach Airport/Eglin AFB,Valparaiso,FL,USA,30.48325,-86.5254,KNOWN_AIRPORT
WRG,Wrangell Airport,Wrangell,AK,USA,56.48433,-132.36982,KNOWN_AIRPORT
WYS,Westerly State Airport,West Yellowstone,MT,USA,44.6884,-111.11764,KNOWN_AIRPORT
XNA,Northwest Arkansas Regional Airport,Fayetteville/Springdale/Rogers,AR,USA,36.28187,-94.30681,KNOWN_AIRPORT
YAK,Yakutat Airport,Yakutat,AK,USA,59.50336,-139.66023,KNOWN_AIRPORT
YUM,Yuma International Airport,Yuma,AZ,USA,32.65658,-114.60597,KNOWN_AIRPORT
